<?xml version="1.0" encoding="UTF-8"?>
<GenRun Id="synth_1" LaunchPart="xc7s15ftgb196-1" LaunchTime="1573202983">
  <File Type="PA-TCL" Name="RGB_LED_Task.tcl"/>
  <File Type="RDS-PROPCONSTRS" Name="RGB_LED_Task_drc_synth.rpt"/>
  <File Type="REPORTS-TCL" Name="RGB_LED_Task_reports.tcl"/>
  <File Type="RDS-RDS" Name="RGB_LED_Task.vds"/>
  <File Type="RDS-UTIL" Name="RGB_LED_Task_utilization_synth.rpt"/>
  <File Type="RDS-UTIL-PB" Name="RGB_LED_Task_utilization_synth.pb"/>
  <File Type="RDS-DCP" Name="RGB_LED_Task.dcp"/>
  <File Type="VDS-TIMINGSUMMARY" Name="RGB_LED_Task_timing_summary_synth.rpt"/>
  <File Type="VDS-TIMING-PB" Name="RGB_LED_Task_timing_summary_synth.pb"/>
  <FileSet Name="sources" Type="DesignSrcs" RelSrcDir="$PSRCDIR/sources_1">
    <Filter Type="Srcs"/>
    <File Path="$PSRCDIR/sources_1/new/Clk_Division.v">
      <FileInfo>
        <Attr Name="UsedIn" Val="synthesis"/>
        <Attr Name="UsedIn" Val="implementation"/>
        <Attr Name="UsedIn" Val="simulation"/>
      </FileInfo>
    </File>
    <File Path="$PSRCDIR/sources_1/new/Driver_SK6805.v">
      <FileInfo>
        <Attr Name="UsedIn" Val="synthesis"/>
        <Attr Name="UsedIn" Val="implementation"/>
        <Attr Name="UsedIn" Val="simulation"/>
      </FileInfo>
    </File>
    <File Path="$PSRCDIR/sources_1/new/RGB_LED_Task.v">
      <FileInfo>
        <Attr Name="UsedIn" Val="synthesis"/>
        <Attr Name="UsedIn" Val="implementation"/>
        <Attr Name="UsedIn" Val="simulation"/>
      </FileInfo>
    </File>
    <Config>
      <Option Name="DesignMode" Val="RTL"/>
      <Option Name="TopModule" Val="RGB_LED_Task"/>
      <Option Name="TopAutoSet" Val="TRUE"/>
    </Config>
  </FileSet>
  <FileSet Name="constrs_in" Type="Constrs" RelSrcDir="$PSRCDIR/constrs_1">
    <Filter Type="Constrs"/>
    <Config>
      <Option Name="ConstrsType" Val="XDC"/>
    </Config>
  </FileSet>
  <Strategy Version="1" Minor="2">
    <StratHandle Name="Vivado Synthesis Defaults" Flow="Vivado Synthesis 2018">
      <Desc>Vivado Synthesis Defaults</Desc>
    </StratHandle>
    <Step Id="synth_design"/>
  </Strategy>
</GenRun>
