<?xml version="1.0" encoding="UTF-8"?>
<GenRun Id="synth_1" LaunchPart="xc7s15ftgb196-1" LaunchTime="1573460437">
  <File Type="PA-TCL" Name="OV5647_Init.tcl"/>
  <File Type="RDS-PROPCONSTRS" Name="OV5647_Init_drc_synth.rpt"/>
  <File Type="REPORTS-TCL" Name="OV5647_Init_reports.tcl"/>
  <File Type="RDS-RDS" Name="OV5647_Init.vds"/>
  <File Type="RDS-UTIL" Name="OV5647_Init_utilization_synth.rpt"/>
  <File Type="RDS-UTIL-PB" Name="OV5647_Init_utilization_synth.pb"/>
  <File Type="RDS-DCP" Name="OV5647_Init.dcp"/>
  <File Type="VDS-TIMINGSUMMARY" Name="OV5647_Init_timing_summary_synth.rpt"/>
  <File Type="VDS-TIMING-PB" Name="OV5647_Init_timing_summary_synth.pb"/>
  <FileSet Name="sources" Type="DesignSrcs" RelSrcDir="$PSRCDIR/sources_1">
    <Filter Type="Srcs"/>
    <File Path="$PSRCDIR/sources_1/new/OV5647_Init.v">
      <FileInfo>
        <Attr Name="UsedIn" Val="synthesis"/>
        <Attr Name="UsedIn" Val="implementation"/>
        <Attr Name="UsedIn" Val="simulation"/>
      </FileInfo>
    </File>
    <File Path="$PPRDIR/../IP/OV5647_Init_IP/component.xml">
      <FileInfo SFType="IPXACT"/>
    </File>
    <Config>
      <Option Name="DesignMode" Val="RTL"/>
      <Option Name="TopModule" Val="OV5647_Init"/>
      <Option Name="TopAutoSet" Val="TRUE"/>
    </Config>
  </FileSet>
  <FileSet Name="constrs_in" Type="Constrs" RelSrcDir="$PSRCDIR/constrs_1">
    <Filter Type="Constrs"/>
    <Config>
      <Option Name="ConstrsType" Val="XDC"/>
    </Config>
  </FileSet>
  <Strategy Version="1" Minor="2">
    <StratHandle Name="Vivado Synthesis Defaults" Flow="Vivado Synthesis 2018">
      <Desc>Vivado Synthesis Defaults</Desc>
    </StratHandle>
    <Step Id="synth_design"/>
  </Strategy>
</GenRun>
